{"mtx1": [[2314.287136614835, 0.0, 755.55764768629], [0.0, 2311.363899517456, 923.7362041965267], [0.0, 0.0, 1.0]], "dist1": [[0.025296027979146977, 1.1924349217934338, 0.0037528872173118984, 0.023221245507105703, -2.3048530651966805]], "mtx2": [[1283.8428433734875, 0.0, 540.1000793679411], [0.0, 1283.244839951821, 908.8163394899099], [0.0, 0.0, 1.0]], "dist2": [[0.19741157300821757, -0.7362363624027957, -0.00040437943714291205, 0.0019413592057102075, 1.1848883696360983]], "R": [[0.9853122811304452, 0.06840247675528277, 0.15646344565827996], [-0.1438628711836696, 0.826139368275009, 0.5447909860496591], [-0.09199555939451325, -0.5592985297315844, 0.8238458421888033]], "T": [[-2.3565386424409156], [-22.966562709374607], [-9.096805217992294]], "R1": [[0.9972742573307414, 0.03465803697846189, 0.06513736361120268], [-0.07330238267203662, 0.5660740819512347, 0.8210888468598687], [-0.008415245689863307, -0.8236254939084064, 0.5670716263613554]], "R2": [[0.9951888853237313, -0.07935212069170158, -0.05746584611609638], [0.09496552152083501, 0.9255233782110174, 0.3665897244974845], [0.024096311966461996, -0.37028329333983656, 0.9286062946281484]], "P1": [[2883.576229380944, 0.0, 671.5686645507812, 0.0], [0.0, 2883.576229380944, -2020.7577095031738, 0.0], [0.0, 0.0, 1.0, 0.0]], "P2": [[2883.576229380944, 0.0, 671.5686645507812, 0.0], [0.0, 2883.576229380944, -2020.7577095031738, -71555.00969338026], [0.0, 0.0, 1.0, 0.0]], "Q": [[1.0, 0.0, 0.0, -671.5686645507812], [0.0, 1.0, 0.0, 2020.7577095031738], [0.0, 0.0, 0.0, 2883.576229380944], [0.0, 0.0, 0.04029873298511636, -0.0]], "img_shape": [1080, 1920]}