{"mtx1": [[1480.1508846336592, 0.0, 560.8215972028574], [0.0, 1478.2214720071158, 953.4770207992138], [0.0, 0.0, 1.0]], "dist1": [[-0.018414878408722555, 0.21216881441253943, 0.0006645203561144259, 0.002942647214575864, -0.43669747767231126]], "mtx2": [[1817.9613046004315, 0.0, 581.4375366300861], [0.0, 1814.9439094371608, 972.5579305358549], [0.0, 0.0, 1.0]], "dist2": [[0.24977535558018588, -1.8661769061854037, 0.0005083177879473625, 0.0035141989678944196, 5.963372290669206]], "R": [[0.9848408038317846, 0.06385635763050138, -0.16127912666594527], [0.11200405376983621, 0.475864252249694, 0.8723578998151867], [0.13245256904676536, -0.8771975712580405, 0.46149836178680714]], "T": [[4.103951648497194], [-24.922936216848736], [25.815730240735363]], "R1": [[0.9891022551456241, 0.14411231540492614, -0.03013916744821658], [-0.12929125081717205, 0.948119815827907, 0.29043516883564013], [0.07043082654613429, -0.2833733498109637, 0.9564199095004984]], "R2": [[0.9881715661853908, 0.1530692205620295, -0.009315014720557038], [-0.11362895173001711, 0.690058596911497, -0.714778003408942], [-0.10298260586841292, 0.7073817544615275, 0.6992893795443215]], "P1": [[7571.74119369226, 0.0, 651.8410682678223, 0.0], [0.0, 7571.74119369226, 1970.3971328735352, 0.0], [0.0, 0.0, 1.0, 0.0]], "P2": [[7571.74119369226, 0.0, 651.8410682678223, 0.0], [0.0, 7571.74119369226, 1970.3971328735352, -273469.5628247947], [0.0, 0.0, 1.0, 0.0]], "Q": [[1.0, 0.0, 0.0, -651.8410682678223], [0.0, 1.0, 0.0, -1970.3971328735352], [0.0, 0.0, 0.0, 7571.74119369226], [0.0, 0.0, 0.027687692610030214, -0.0]], "img_shape": [1080, 1920]}